{
    "$schema": "https://raw.githubusercontent.com/grafana/grafana/main/docs/sources/developers/plugins/plugin.schema.json",
    "type": "app",
    "name": "Scene-Demo",
    "id": "maxtest-scenedemo-app",
    "info": {
        "keywords": [
            "app"
        ],
        "description": "",
        "author": {
            "name": "Max test"
        },
        "logos": {
            "small": "img/logo.svg",
            "large": "img/logo.svg"
        },
        "screenshots": [],
        "version": "1.0.0",
        "updated": "2024-11-22"
    },
    "includes": [
        {
            "type": "page",
            "name": "Home",
            "path": "/a/maxtest-scenedemo-app/home",
            "addToNav": true,
            "defaultNav": true
        },
        {
            "type": "page",
            "name": "Page with tabs",
            "path": "/a/maxtest-scenedemo-app/page-with-tabs",
            "addToNav": true,
            "defaultNav": false
        },
        {
            "type": "page",
            "name": "Page with drilldown",
            "path": "/a/maxtest-scenedemo-app/page-with-drilldown",
            "addToNav": true,
            "defaultNav": false
        },
        {
            "type": "page",
            "name": "Hello world",
            "path": "/a/maxtest-scenedemo-app/hello-world",
            "addToNav": true,
            "defaultNav": false
        }
    ],
    "dependencies": {
        "grafanaDependency": ">=10.4.0",
        "plugins": []
    },
    "buildMode": "production"
}